"dayRow","date","site","id","five_star","four_star","three_star","two_star","one_star","total","average"
"1",2024-11-16 10:03:43.825027,"Mayo Clinic","S41aGsxEeL5ssEXiomkgkWKebSt8sT",5159,1059,968,1006,3019,11211,3.38649540629739
"2",2024-11-16 10:03:43.825027,"Cleveland Clinic","nTwq53PcDDh6nPMMhPp2GZU5JQBJsV",391,64,44,57,89,645,3.94728682170543
"3",2024-11-16 10:03:43.825027,"MyMountSinai","a2Ftey5Qs6Z5q742sNDjKzpJufUgfi",2017,261,70,39,160,2547,4.54534746760895
"4",2024-11-16 10:03:43.825027,"MyChart","CbaUNun9PEvn6hOmfFzNzeQN9ApHqL",156469,16210,5926,4332,10315,193252,4.57403804359075
"5",2024-11-16 10:03:43.825027,"Johns Hopkins Medicine","nnX53aMO8UhR9J12GPJ6Q95uwZjK9T",7,1,0,0,4,12,3.58333333333333
"6",2024-11-16 10:03:43.825027,"Penn Medicine","zZkNWMwXltJYkwtGgr1ZbxgqJzgzMa",710,68,25,25,25,853,4.65650644783118
"7",2024-11-16 10:03:43.825027,"Cedars-Sinai","Y49OpiVOPFP9GKhNyF0qohYcBCaN1w",1560,200,100,60,170,2090,4.39712918660287
"8",2024-11-16 10:03:43.825027,"Houston Methodist","wYi37vY0AdnQxKW5YBznRAzXxxl2Pg",733,160,40,50,100,1083,4.27054478301016
"9",2024-11-16 10:03:43.825027,"NYU Langone Health","thHBk308e0KTQlKRn6pZradaBLE1NH",3807,368,49,69,199,4492,4.67297417631345
"10",2024-11-16 10:03:43.825027,"Stanford Health Care","CpasUDoHARTvYidWD6VrA3sOdVvET3",1740,181,60,60,181,2222,4.45769576957696
"11",2024-11-16 10:03:43.825027,"Northwestern Medicine","w6cTCeFgVzuPTmkJfuwaNK0zBvRN6l",1074,140,140,130,441,1925,3.66285714285714
"12",2024-11-16 10:03:43.825027,"New York - Presbyterian","3GQOvLHfX5CEqoEyxL7BTNgJ3GDMjZ",382,64,28,11,99,584,4.05993150684932
"13",2024-11-16 10:03:43.825027,"Rush University Medical Center","IqjpJhtk3mEt04Ogb4BaWGxnH0NSsr",1872,226,118,39,157,2412,4.49958540630182
"14",2024-11-16 10:03:43.825027,"University of Michigan Health","vT1ZKNsKpFWa4EV98AcnXax4juGFF1",795,81,0,18,9,903,4.81063122923588
"15",2024-11-16 10:03:43.825027,"Mass General Brigham, Inc","Tmm9AgfTSauinu5KIpwmMvnQ82ssMF",1351,209,69,59,149,1837,4.39031028851388
"16",2024-11-16 10:03:43.825027,"Vanderbilt University Medical Center","Ijj4RJY6rAgwMkeR4cxRW6oZi4vBGO",1566,120,50,30,60,1826,4.69879518072289
"17",2024-11-16 10:03:43.825027,"Kaiser Permanente","0iueA5slsEOLBP7HE3NV55w4JfRyMt",74415,8987,2570,1000,2876,89848,4.68133959576173
"18",2024-11-16 10:03:43.825027,"Primary Care On Demand Wis.","79bvNs8aLAbETqRbI7Hdfa4RnZ2xdp",71,8,4,2,5,90,4.53333333333333
"1",2024-11-17 10:03:45.252884,"Mayo Clinic","vX9rx42aUEUZ5gR3Ph04lrZMnPE8cq",5181,1058,966,1002,3010,11217,3.39208344477133
"2",2024-11-17 10:03:45.252884,"Cleveland Clinic","qC9rkcCbORonumRDG0Cc4QEtnBNk4K",391,64,44,57,89,645,3.94728682170543
"3",2024-11-17 10:03:45.252884,"MyMountSinai","Z5jokWhzAPVa1QmDAVM12ED6Bf3tSW",2017,261,70,39,160,2547,4.54534746760895
"4",2024-11-17 10:03:45.252884,"MyChart","aAnwG45EQJvIs00ZpaM2vbn8abZAr1",156524,16278,5927,4314,10329,193372,4.57393004157789
"5",2024-11-17 10:03:45.252884,"Johns Hopkins Medicine","38uXMns5flr8nkx7e8OyPQEeGu7eX6",7,1,0,0,4,12,3.58333333333333
"6",2024-11-17 10:03:45.252884,"Penn Medicine","DSvN8tkNPZ5UhAFllyjO9hwjm3vYia",712,67,25,25,25,854,4.65807962529274
"7",2024-11-17 10:03:45.252884,"Cedars-Sinai","x0XWErflUHqolEHSPGIa5aR4HmdUmk",1560,200,100,60,170,2090,4.39712918660287
"8",2024-11-17 10:03:45.252884,"Houston Methodist","c0G6LhVdUI6sSX78lfACuWZ4iv1xBr",724,160,40,50,110,1084,4.23431734317343
"9",2024-11-17 10:03:45.252884,"NYU Langone Health","vSXbnhNcIXmrkMuoQecr7YPRddXqOP",3807,368,49,69,199,4492,4.67297417631345
"10",2024-11-17 10:03:45.252884,"Stanford Health Care","DtmwzIOCtpuTIbIvDvRhPzKktdD8Yo",1741,181,60,60,181,2223,4.45793972109762
"11",2024-11-17 10:03:45.252884,"Northwestern Medicine","pBHSeoQG4s9sG1jvAKkkzbVD8GIstS",1074,140,140,130,440,1924,3.66424116424116
"12",2024-11-17 10:03:45.252884,"New York - Presbyterian","0ha44i704ITkyReUJfCEZSWomCMwg8",382,64,28,11,99,584,4.05993150684932
"13",2024-11-17 10:03:45.252884,"Rush University Medical Center","uD3JmXXDXBgCqWDXSItAP7RGUe8KyY",1863,230,120,40,160,2413,4.49026108578533
"14",2024-11-17 10:03:45.252884,"University of Michigan Health","6LjRGPxANZs4MZdMXUnOQujoqkqBd4",796,81,0,18,9,904,4.8108407079646
"15",2024-11-17 10:03:45.252884,"Mass General Brigham, Inc","syOZ5ojj1hwlpFEtX6dcahhNLjw5GV",1359,200,70,60,150,1839,4.39097335508429
"16",2024-11-17 10:03:45.252884,"Vanderbilt University Medical Center","CI6scyuxEqT6HMmJfMhgHiWPcH02ON",1567,120,50,30,60,1827,4.69896004378763
"17",2024-11-17 10:03:45.252884,"Kaiser Permanente","q0hFbdyBrDK37n3iSjrPYAgM8a5ZHq",74483,8975,2584,1021,2887,89950,4.68033351862146
"18",2024-11-17 10:03:45.252884,"Primary Care On Demand Wis.","bEiwdRtYqKr0ZDfTCWYncnyTbxaXtr",72,8,4,2,5,91,4.53846153846154
"1",2024-11-18 10:04:36.931277,"Mayo Clinic","4uT8J15er37n7uyvpiNSTcJiG5e8GM",5181,1058,966,1002,3010,11217,3.39208344477133
"2",2024-11-18 10:04:36.931277,"Cleveland Clinic","OJZJ2BtpCHyYDse8ZOZJ2KJuR58azD",391,64,44,57,89,645,3.94728682170543
"3",2024-11-18 10:04:36.931277,"MyMountSinai","nuBV6bwcNhw3JeVCbsNyMHhLMIrk4v",2020,260,69,39,160,2548,4.5467032967033
"4",2024-11-18 10:04:36.931277,"MyChart","C1pRdSrEjzleVJI1fIkWHG2YICIVov",156633,16275,5947,4324,10261,193440,4.57513957816377
"5",2024-11-18 10:04:36.931277,"Johns Hopkins Medicine","RZzGv2Z2aqHnfmt6EJXOBK1uoNqFXM",7,1,0,0,4,12,3.58333333333333
"6",2024-11-18 10:04:36.931277,"Penn Medicine","6B0m6wClsedKz1XuFzLYpAthrSQ7mQ",712,68,25,25,25,855,4.65730994152047
"7",2024-11-18 10:04:36.931277,"Cedars-Sinai","Ut8NTMtZJwleWZgoFjkXhr50YyxuLK",1560,200,100,60,170,2090,4.39712918660287
"8",2024-11-18 10:04:36.931277,"Houston Methodist","p8n9zYweGAf9kde2DIo3BrRm7YmopA",724,160,40,50,110,1084,4.23431734317343
"9",2024-11-18 10:04:36.931277,"NYU Langone Health","kHYtKT7a9p0wemzGgwuaWivtpbExxu",3806,368,49,69,199,4491,4.6729013582721
"10",2024-11-18 10:04:36.931277,"Stanford Health Care","cYyZYq7eydWVeyow1XfvahdZ3dCJrT",1732,181,60,60,191,2224,4.44019784172662
"11",2024-11-18 10:04:36.931277,"Northwestern Medicine","P9zhU0LgGbaBJtzfh7LLZ0BX2nuH7Q",1074,140,140,130,441,1925,3.66285714285714
"12",2024-11-18 10:04:36.931277,"New York - Presbyterian","CXeauf4Zg5PJUg5988i9ct1TMr89wV",382,64,28,11,99,584,4.05993150684932
"13",2024-11-18 10:04:36.931277,"Rush University Medical Center","PdzD6Lwe0mo1coE1hbe3HX6ZYhODOy",1876,220,120,40,160,2416,4.49503311258278
"14",2024-11-18 10:04:36.931277,"University of Michigan Health","rDtF4j4x8G3N6p2E9fzAf1c6UUtzlX",797,81,0,18,9,905,4.81104972375691
"15",2024-11-18 10:04:36.931277,"Mass General Brigham, Inc","yK3SiAZB3KuzlQO5yjRc0Xhb1D7X02",1359,200,70,60,150,1839,4.39097335508429
"16",2024-11-18 10:04:36.931277,"Vanderbilt University Medical Center","e3Bfrhx7jjGE7wgNRRArfcpfQCNpUj",1567,120,50,30,60,1827,4.69896004378763
"17",2024-11-18 10:04:36.931277,"Kaiser Permanente","KjNXTSmKHKgoX7dkuUaz4leRW2C9gP",74462,9047,2587,1045,2877,90018,4.67935301828523
"18",2024-11-18 10:04:36.931277,"Primary Care On Demand Wis.","vQunEzFixmoLrqsSOynRVLhEznHXue",72,8,4,2,5,91,4.53846153846154
"1",2024-11-19 10:04:50.413765,"Mayo Clinic","I2bVgLYFoj4mp0JoZ2GYazJn8ojtqM",5181,1058,966,1002,3010,11217,3.39208344477133
"2",2024-11-19 10:04:50.413765,"Cleveland Clinic","nECwy3pgxqpBwqv9XOghDRIdNi1jGw",391,64,44,57,89,645,3.94728682170543
"3",2024-11-19 10:04:50.413765,"MyMountSinai","n6f9IlykOC03Ik1bxxQh3CQgccqBCd",2031,255,71,40,153,2550,4.55725490196078
"4",2024-11-19 10:04:50.413765,"MyChart","wcToWy25AWBJylOvuU3gvxFDmNkvg3",156708,16241,5966,4330,10253,193498,4.57531860794427
"5",2024-11-19 10:04:50.413765,"Johns Hopkins Medicine","kQqBC6SSrkbE2sYqLLevydg9IT6g4C",7,1,0,0,4,12,3.58333333333333
"6",2024-11-19 10:04:50.413765,"Penn Medicine","ov70DZYinDrH4jzB7JxkWrgsXLisF2",712,68,25,25,25,855,4.65730994152047
"7",2024-11-19 10:04:50.413765,"Cedars-Sinai","NH5vIJ6vcpHrTHunvDWtIh9KiCENHa",1560,200,100,60,170,2090,4.39712918660287
"8",2024-11-19 10:04:50.413765,"Houston Methodist","96pN6uk8EXgC3MQxJe6ZqRfXVdCEly",724,160,40,50,110,1084,4.23431734317343
"9",2024-11-19 10:04:50.413765,"NYU Langone Health","1Xoov3k0bWFA4mqd5npGgaY3YvGx93",3832,340,50,70,200,4492,4.67720391807658
"10",2024-11-19 10:04:50.413765,"Stanford Health Care","vW5kkSbjJp2b6JTaewCo37Nl95I3Jn",1733,181,60,60,191,2225,4.44044943820225
"11",2024-11-19 10:04:50.413765,"Northwestern Medicine","6pFJAh61KEX9s9jqJMit3pvlcMB4Sf",1074,140,140,130,440,1924,3.66424116424116
"12",2024-11-19 10:04:50.413765,"New York - Presbyterian","CGWyvXMGVWgGXwkVydEQZhTsmoHLZy",382,64,28,11,99,584,4.05993150684932
"13",2024-11-19 10:04:50.413765,"Rush University Medical Center","mIIB8PoDWDBQyMduWTjRTyxqfVfJ3a",1880,220,120,40,160,2420,4.49586776859504
"14",2024-11-19 10:04:50.413765,"University of Michigan Health","pbqICApkT0XL3R8rkmfREbtL7kiwPt",797,81,0,18,9,905,4.81104972375691
"15",2024-11-19 10:04:50.413765,"Mass General Brigham, Inc","mQwhMyi2StFQsPgFkVL4CIjmvyggrC",1359,200,70,60,150,1839,4.39097335508429
"16",2024-11-19 10:04:50.413765,"Vanderbilt University Medical Center","bpi8fL85m4itn0KHSHJIeAiTaabGun",1560,129,49,29,59,1826,4.69879518072289
"17",2024-11-19 10:04:50.413765,"Kaiser Permanente","UIEAEToxlWNSufsesTRLAtN8WVhbWj",74729,8937,2551,1070,2824,90111,4.6832240237041
"18",2024-11-19 10:04:50.413765,"Primary Care On Demand Wis.","MouB2Dc2IZvUmb3tDOqsrr2TiXjrTc",73,8,4,2,5,92,4.54347826086957
"1",2024-11-20 10:04:30.974508,"Mayo Clinic","IJKpqqEoGH3QVxXjFab67DVStTgxdO",5181,1058,966,1002,3010,11217,3.39208344477133
"2",2024-11-20 10:04:30.974508,"Cleveland Clinic","udB05kNlR2Wvce3ZWrGipffTtHyHcI",396,58,45,58,90,647,3.94590417310665
"3",2024-11-20 10:04:30.974508,"MyMountSinai","YcE5phuvLGkWu7mtqLC31vfNQDs1on",2036,254,70,39,152,2551,4.56134849078793
"4",2024-11-20 10:04:30.974508,"MyChart","79y6x7xkruKkkf0Xi0b0V8c7Vx8Fo8",156919,16259,5961,4315,10199,193653,4.57696498375961
"5",2024-11-20 10:04:30.974508,"Johns Hopkins Medicine","5ND6UaFpiaNDJZ5iTmZUUKcciW57bl",7,1,0,0,4,12,3.58333333333333
"6",2024-11-20 10:04:30.974508,"Penn Medicine","dauD3JpK4QrJgcax0tvJzIdAunmXmF",712,68,25,25,25,855,4.65730994152047
"7",2024-11-20 10:04:30.974508,"Cedars-Sinai","nnLg5fBzUq9yFcZSmwvzk2rsrBPpY7",1560,200,100,60,170,2090,4.39712918660287
"8",2024-11-20 10:04:30.974508,"Houston Methodist","IAYmAqeOa4CulUVuFgk0Z7f7yIF18d",724,161,40,50,110,1085,4.23410138248848
"9",2024-11-20 10:04:30.974508,"NYU Langone Health","oN8zweZCfJ5A8wJEeL6YRJvoICskYJ",3835,340,50,70,200,4495,4.67741935483871
"10",2024-11-20 10:04:30.974508,"Stanford Health Care","D4KT4AZv897omLEy4M1SiibrZHqR5i",1733,181,60,60,191,2225,4.44044943820225
"11",2024-11-20 10:04:30.974508,"Northwestern Medicine","WuzdElvsHbRhOhxSVRkF7C8lbdDeNN",1074,138,138,129,446,1925,3.65714285714286
"12",2024-11-20 10:04:30.974508,"New York - Presbyterian","L1cr9uG8k0j5ZkT48ZGbWEvSjyAtTF",382,64,28,11,99,584,4.05993150684932
"13",2024-11-20 10:04:30.974508,"Rush University Medical Center","w2BirZrnEDZd6s6q4k6yYCD60kZspA",1888,217,118,39,158,2420,4.50330578512397
"14",2024-11-20 10:04:30.974508,"University of Michigan Health","eoDaey8VRHfSn8XrySEpiMAqxorp7a",797,81,0,18,9,905,4.81104972375691
"15",2024-11-20 10:04:30.974508,"Mass General Brigham, Inc","B4OI3z3ubO6mWp5XABER8ULuMjyUxQ",1363,200,70,60,150,1843,4.39229517091698
"16",2024-11-20 10:04:30.974508,"Vanderbilt University Medical Center","yorSTf6q3IGwbsC7ADI7yKXHnBBFb6",1560,129,49,29,59,1826,4.69879518072289
"17",2024-11-20 10:04:30.974508,"Kaiser Permanente","cgeLxc7CBneN75CPOIZ8alKCiV1WE4",74855,8979,2506,1057,2855,90252,4.68330895714222
"18",2024-11-20 10:04:30.974508,"Primary Care On Demand Wis.","pyOWxLGtJL0rrXAYXgLnmlrSW3aBPN",74,8,4,2,5,93,4.54838709677419
"1",2024-11-21 10:04:37.483331,"Mayo Clinic","Mf1dbEOKDe24fXfMQ5JjXZNlV6hnD2",5251,1064,954,1009,2937,11215,3.41756576014267
"2",2024-11-21 10:04:37.483331,"Cleveland Clinic","Gc6ovYMQbaW0d4QSsxaWw2fxEHzsxc",396,58,45,58,90,647,3.94590417310665
"3",2024-11-21 10:04:37.483331,"MyMountSinai","raAMqQOOgEwLB3Ff4YGtHvUFv8TWvR",2036,254,70,39,152,2551,4.56134849078793
"4",2024-11-21 10:04:37.483331,"MyChart","Oeg4tD72GqhlYc1vfo0U1owiWRA0GV",157038,16249,5953,4318,10219,193777,4.57691057246216
"5",2024-11-21 10:04:37.483331,"Johns Hopkins Medicine","x5Hl3rpTHEwq3aVRsK7wnsWmwVOOZQ",7,1,0,0,4,12,3.58333333333333
"6",2024-11-21 10:04:37.483331,"Penn Medicine","37JjZNNVlxeo2IWeywts7YitnZlMpY",712,68,25,25,25,855,4.65730994152047
"7",2024-11-21 10:04:37.483331,"Cedars-Sinai","UDMsF5pw895C8QYckO0uypEl57MVf3",1560,200,100,60,170,2090,4.39712918660287
"8",2024-11-21 10:04:37.483331,"Houston Methodist","7nY4y0hF8AjHkiIZIpDdby5hIVgXzz",724,161,40,50,110,1085,4.23410138248848
"9",2024-11-21 10:04:37.483331,"NYU Langone Health","myBU5F0shJwfrEYtrNa98KTd9CwgKf",3846,340,40,70,200,4496,4.68193950177936
"10",2024-11-21 10:04:37.483331,"Stanford Health Care","FdrYxueXJhcqXaXObE9P52mDw8Y5tX",1725,190,59,59,190,2223,4.43994601889339
"11",2024-11-21 10:04:37.483331,"Northwestern Medicine","DVFH5qaAHzwUA3Miye9cZPJJqfscEn",1085,139,129,129,447,1929,3.66666666666667
"12",2024-11-21 10:04:37.483331,"New York - Presbyterian","s56xTh6lj4E8fj1glIsT32HBBVAoPa",382,64,28,11,99,584,4.05993150684932
"13",2024-11-21 10:04:37.483331,"Rush University Medical Center","jz42BH76Y0xrkmmsfh1BxGJNLQRgNQ",1902,219,109,39,159,2428,4.50988467874794
"14",2024-11-21 10:04:37.483331,"University of Michigan Health","zN8VhqDZoqvav3gtLOO7nHwLg8W9wf",791,81,9,18,9,908,4.79185022026432
"15",2024-11-21 10:04:37.483331,"Mass General Brigham, Inc","WQZ5zf0G683T31etdFkZckyFm6sB4U",1355,200,70,70,150,1845,4.37669376693767
"16",2024-11-21 10:04:37.483331,"Vanderbilt University Medical Center","q8rK768i5dAHSwrIVBG51gXnfW8Ezg",1553,150,50,20,60,1833,4.6999454446263
"17",2024-11-21 10:04:37.483331,"Kaiser Permanente","zSz9HuzmTr727o3LR0yjL9jCZwnuxw",75004,8996,2519,1051,2832,90402,4.68457556248756
"18",2024-11-21 10:04:37.483331,"Primary Care On Demand Wis.","WMvBSdC9nTxrTG0GAjAAkUY9yjVskg",75,8,4,2,5,94,4.5531914893617
"1",2024-11-22 10:04:51.259948,"Mayo Clinic","yNSFdPJjYWh9mxiI2xgEvNzTAhYXO7",5254,1080,950,1006,2928,11218,3.42128721697272
"2",2024-11-22 10:04:51.259948,"Cleveland Clinic","Z52Gy6jdSAltXTmNSq5QMDnuK0uWUZ",396,58,45,58,90,647,3.94590417310665
"3",2024-11-22 10:04:51.259948,"MyMountSinai","6KkBVt2NvowTOiuEH3Pc8ZZK0kMlL8",2038,253,70,39,151,2551,4.56330850646805
"4",2024-11-22 10:04:51.259948,"MyChart","9zwj01dmAwAfNwlMS6ZNjsbNZGvCsv",157030,16288,5930,4371,10302,193921,4.57472888444263
"5",2024-11-22 10:04:51.259948,"Johns Hopkins Medicine","slPubeSXdfqb0jFW9DYssRVGRmoi32",7,1,0,0,4,12,3.58333333333333
"6",2024-11-22 10:04:51.259948,"Penn Medicine","eQyJAqBe1V5yJUwDoBFurhIEi42jQL",712,68,25,25,25,855,4.65730994152047
"7",2024-11-22 10:04:51.259948,"Cedars-Sinai","Qaw9HYYiGbpCTqjrODaITZkLZpuqtQ",1560,200,100,60,170,2090,4.39712918660287
"8",2024-11-22 10:04:51.259948,"Houston Methodist","9CEvwnWeWmzbwzTFdDeDXHhcsHzlEC",724,161,40,50,110,1085,4.23410138248848
"9",2024-11-22 10:04:51.259948,"NYU Langone Health","3oiU9Qhl9DyuBLjdGapRNtsxgY443e",3846,340,40,70,200,4496,4.68193950177936
"10",2024-11-22 10:04:51.259948,"Stanford Health Care","wcm9EvJLtZJt4v0jBxNu9E7MFPGv1e",1731,189,59,59,189,2227,4.44319712617872
"11",2024-11-22 10:04:51.259948,"Northwestern Medicine","KBSsHbgGhMexJAtNGDJ0NY2lEkiLGt",1080,138,128,128,455,1929,3.65318818040435
"12",2024-11-22 10:04:51.259948,"New York - Presbyterian","7m3YHd5pbtmJj0Ensh2e4WDdU61nFD",382,64,28,11,99,584,4.05993150684932
"13",2024-11-22 10:04:51.259948,"Rush University Medical Center","Oave0e8nctdbhqzfn2N0NdNj6hI61I",1900,220,110,40,160,2430,4.50617283950617
"14",2024-11-22 10:04:51.259948,"University of Michigan Health","1C977WuUSkEJktqp5at58gNJ1RCyMo",791,81,9,18,9,908,4.79185022026432
"15",2024-11-22 10:04:51.259948,"Mass General Brigham, Inc","LGIleEJCa2WjWzfsCRCH3qNbrd2DfJ",1356,200,70,70,150,1846,4.37703141928494
"16",2024-11-22 10:04:51.259948,"Vanderbilt University Medical Center","usWdk4JYo00IJ1qiKeRDZLkMbU7rV6",1553,150,50,20,60,1833,4.6999454446263
"17",2024-11-22 10:04:51.259948,"Kaiser Permanente","v3TgUoZIBAUuw7dhNWh1xIe5jKiNxc",75076,8975,2608,1053,2859,90571,4.6821719976593
"18",2024-11-22 10:04:51.259948,"Primary Care On Demand Wis.","TjrEwBuFZrqURoQFK3x3KAMyCkaIqb",76,8,4,2,5,95,4.55789473684211
"1",2024-11-23 12:15:07.520538,"Mayo Clinic","DF4yKm2gtunKZCrfeDyKoWNUHRCFFP",5254,1080,950,1006,2928,11218,3.42128721697272
"2",2024-11-23 12:15:07.520538,"Cleveland Clinic","UZ88NH8Vst14AQ9Va3VQTVDjqVIcRU",396,58,45,58,90,647,3.94590417310665
"3",2024-11-23 12:15:07.520538,"MyMountSinai","kYRlmgK238UBqw67qDheKhrhpUmcw4",2044,251,69,39,150,2553,4.56678417547983
"4",2024-11-23 12:15:07.520538,"MyChart","L7sT7iwoSzS6lQBMBzssKjJaF4C34Q",157177,16272,5958,4387,10313,194107,4.57445635654562
"5",2024-11-23 12:15:07.520538,"Johns Hopkins Medicine","gC5UPmW5WrMLMaqs9PfsBwnzoYB2nI",7,1,0,0,4,12,3.58333333333333
"6",2024-11-23 12:15:07.520538,"Penn Medicine","7c94MUVy4cOztChUgGGcfGTv6w1SRH",711,67,24,24,24,850,4.66705882352941
"7",2024-11-23 12:15:07.520538,"Cedars-Sinai","EySfOFSLTQspdNxBLZg8ceRmDNweCt",1560,200,100,60,170,2090,4.39712918660287
"8",2024-11-23 12:15:07.520538,"Houston Methodist","VrUjuXuVGLwJO98hJrbZDMpFtBMeSv",735,161,40,40,110,1086,4.26243093922652
"9",2024-11-23 12:15:07.520538,"NYU Langone Health","sFkIDPQwY9gpYTFqWdy8oXSeavG4w9",3850,340,40,70,200,4500,4.68222222222222
"10",2024-11-23 12:15:07.520538,"Stanford Health Care","pQtXrvdg6UiMyOnZcol852JsgtUxOX",1731,189,59,59,189,2227,4.44319712617872
"11",2024-11-23 12:15:07.520538,"Northwestern Medicine","IPZkqo6eCeMqD9sgK1NXe6XCIyGtoW",1087,139,129,139,438,1932,3.67184265010352
"12",2024-11-23 12:15:07.520538,"New York - Presbyterian","a45kmLmC0pxZai2sm0ZYOUOsN3PM12",382,64,28,11,99,584,4.05993150684932
"13",2024-11-23 12:15:07.520538,"Rush University Medical Center","on6Fg2fV8cAxcEPM6pbho2xpd5y23i",1906,218,109,39,158,2430,4.51234567901235
"14",2024-11-23 12:15:07.520538,"University of Michigan Health","8BAjn9XJQgpSLdXG7tGzDDLHFFKCbf",791,81,9,18,9,908,4.79185022026432
"15",2024-11-23 12:15:07.520538,"Mass General Brigham, Inc","ZMCLyXNGHdkodIPzTYQQECOaNMULud",1356,200,70,70,150,1846,4.37703141928494
"16",2024-11-23 12:15:07.520538,"Vanderbilt University Medical Center","gDhaATJ1B8Vtmwp5sdC33kAFX3O6Lb",1555,149,49,19,59,1831,4.70507919169853
"17",2024-11-23 12:15:07.520538,"Kaiser Permanente","s9HzqJRoXEvB4MNVGMX9ivgGjulRFG",75238,8971,2601,1069,2832,90711,4.68352239529936
"18",2024-11-23 12:15:07.520538,"Primary Care On Demand Wis.","S9KivLvScecxoL1bv8zKucEh7REOKc",78,9,4,2,5,98,4.56122448979592
"1",2024-11-24 14:38:11.060371,"Mayo Clinic","5UEnuvSHvfTyn0HGS356lIkTJ7UxN9",5247,1078,949,1004,2942,11220,3.4174688057041
"2",2024-11-24 14:38:11.060371,"Cleveland Clinic","glvYEVD1FW45fGMvoPo9NlQEpmmxh3",396,58,45,58,90,647,3.94590417310665
"3",2024-11-24 14:38:11.060371,"MyMountSinai","TRo3543PiDnPkC2GPvTZF5gEU7MAwc",2037,255,71,40,153,2556,4.55829420970266
"4",2024-11-24 14:38:11.060371,"MyChart","PRujAC32pCAYTvxt1BA7VJuzwmkRUH",157196,16304,5972,4403,10332,194207,4.57372803246021
"5",2024-11-24 14:38:11.060371,"Johns Hopkins Medicine","UmrHsL2MwHQbEb8Uu6aGQ4ckJ0XpZ5",7,1,0,0,4,12,3.58333333333333
"6",2024-11-24 14:38:11.060371,"Penn Medicine","KO3fN6aboE4hJlyZoNgXvIeaX9crgA",712,68,25,25,25,855,4.65730994152047
"7",2024-11-24 14:38:11.060371,"Cedars-Sinai","uhllyKMGGhDc0ZdWnOYlodhoAxJnik",1560,200,100,60,170,2090,4.39712918660287
"8",2024-11-24 14:38:11.060371,"Houston Methodist","Tr0Lob4Vh0ySwC5bQojMfNdGXIkiVK",736,151,40,40,121,1088,4.23253676470588
"9",2024-11-24 14:38:11.060371,"NYU Langone Health","5tV5YqjhcU4SEal6HqepELcZcTwak0",3863,340,40,60,200,4503,4.68909615811681
"10",2024-11-24 14:38:11.060371,"Stanford Health Care","1A5KAHlD9E6MNC0xIbKFjtSF7c7CU1",1731,189,59,59,189,2227,4.44319712617872
"11",2024-11-24 14:38:11.060371,"Northwestern Medicine","wFpBQqqrp9npMPllRETqQExOfgiyR0",1087,139,129,139,438,1932,3.67184265010352
"12",2024-11-24 14:38:11.060371,"New York - Presbyterian","4M9TnO5CSGexF8ar6ncJsGsoxdPUnP",382,64,28,11,99,584,4.05993150684932
"13",2024-11-24 14:38:11.060371,"Rush University Medical Center","BVqERByIk1BqlbHvRwgpzSU3Jwgrzs",1903,210,110,50,160,2433,4.49856144677353
"14",2024-11-24 14:38:11.060371,"University of Michigan Health","oRKgVD1TdDJGM7GSZrENs9OXgiNlE0",791,81,9,18,9,908,4.79185022026432
"15",2024-11-24 14:38:11.060371,"Mass General Brigham, Inc","1Z8wYSa7fVkBTi9ooB4Vqo6TbRoAmW",1360,199,69,69,149,1846,4.38244853737811
"16",2024-11-24 14:38:11.060371,"Vanderbilt University Medical Center","PQhZFlNrDJZF7HLaAxbMn1tYy3DNSR",1557,149,49,19,59,1833,4.70540098199673
"17",2024-11-24 14:38:11.060371,"Kaiser Permanente","DSV5ugdwnCKWmSJW1fWDaHYCDMzgfg",75376,8922,2596,1069,2846,90809,4.68389697056459
"18",2024-11-24 14:38:11.060371,"Primary Care On Demand Wis.","iouBOU8N0yyckrPfRgGjWawUYsP3ba",79,9,4,2,5,99,4.56565656565657
"1",2024-11-25 09:24:34.018522,"Mayo Clinic","R4LxkSkum9O05AxjbwgjH9165INHPX",5247,1078,949,1004,2942,11220,3.4174688057041
"2",2024-11-25 09:24:34.018522,"Cleveland Clinic","dyTiYyU0OprHIpVi5DcQ3rjnGmSfxj",396,58,45,58,90,647,3.94590417310665
"3",2024-11-25 09:24:34.018522,"MyMountSinai","oluXjh419Lqblf5OawB6ZtfJLRgZpq",2044,251,69,39,150,2553,4.56678417547983
"4",2024-11-25 09:24:34.018522,"MyChart","y230hp2KTl2hcAUkgSDIO3faeU77Rq",157218,16288,5958,4447,10340,194251,4.57320683033807
"5",2024-11-25 09:24:34.018522,"Johns Hopkins Medicine","EK0hkElKMkEuTj9PQZfGiRBCk5P3He",7,1,0,0,4,12,3.58333333333333
"6",2024-11-25 09:24:34.018522,"Penn Medicine","lzJDhhS0Umxqy1dMsoi1X5BvCi8bil",712,68,25,25,25,855,4.65730994152047
"7",2024-11-25 09:24:34.018522,"Cedars-Sinai","fCsNq9egotabo7B9iIvPGcV3Q2PHn2",1564,200,100,60,170,2094,4.39828080229226
"8",2024-11-25 09:24:34.018522,"Houston Methodist","sEOEUB1ljVM4GzBp4AW9vPgZ8lgvI9",736,151,40,40,121,1088,4.23253676470588
"9",2024-11-25 09:24:34.018522,"NYU Langone Health","VB0Xq7f4EjvCmyrYZ6i2yi94iz2AYs",3863,340,40,60,200,4503,4.68909615811681
"10",2024-11-25 09:24:34.018522,"Stanford Health Care","0pchlrC0Z9CmqGXYGzHfPMlR9LFeWC",1731,189,59,59,189,2227,4.44319712617872
"11",2024-11-25 09:24:34.018522,"Northwestern Medicine","VLkSaaJH6VqzxCEuOxJ6d4UOFEFbaR",1086,139,129,139,437,1930,3.67253886010363
"12",2024-11-25 09:24:34.018522,"New York - Presbyterian","WLHR9AjIJNLCYDQ0v1D9XA1mbvXHnD",382,64,28,11,99,584,4.05993150684932
"13",2024-11-25 09:24:34.018522,"Rush University Medical Center","thVRKDrITZjRrlr8UYBgDY2L3d6u25",1903,210,110,50,160,2433,4.49856144677353
"14",2024-11-25 09:24:34.018522,"University of Michigan Health","UIdfaPLfjJnLdx1c1VlEz58dGxmWwv",791,81,9,18,9,908,4.79185022026432
"15",2024-11-25 09:24:34.018522,"Mass General Brigham, Inc","rxVPwd2aaKZUc92aDSHUdtTr0eQLv9",1360,199,69,69,149,1846,4.38244853737811
"16",2024-11-25 09:24:34.018522,"Vanderbilt University Medical Center","ZZv6FjWrY5Jj2a2OQgoOR50Q5Mklgd",1557,149,49,19,59,1833,4.70540098199673
"17",2024-11-25 09:24:34.018522,"Kaiser Permanente","lU12umxwzdm8g9pvaPBzZBo1MErFkc",75462,8941,2606,1023,2828,90860,4.68595641646489
"18",2024-11-25 09:24:34.018522,"Primary Care On Demand Wis.","yQjdBIe9KrhIBF1p2Sn7CBFLCtJCim",79,9,4,2,5,99,4.56565656565657
"1",2024-11-26 17:31:14.684384,"Mayo Clinic","D2eb7XsPXIU6QcUnabdgrsxML068GO",5248,1078,949,1004,2942,11221,3.4176098386953
"2",2024-11-26 17:31:14.684384,"Cleveland Clinic","hT1UGKNcFfI6nPJPhKU2UrbB4Fai3d",396,58,45,58,90,647,3.94590417310665
"3",2024-11-26 17:31:14.684384,"MyMountSinai","N6GHJYavDLNd0qqyB5Q7quanB4DoJ4",2044,251,69,39,150,2553,4.56678417547983
"4",2024-11-26 17:31:14.684384,"MyChart","WBkFwNGcPjMoQuACPPUzcaQ85ZxFiQ",157380,16382,5953,4400,10276,194391,4.57512436275342
"5",2024-11-26 17:31:14.684384,"Johns Hopkins Medicine","0zxOkNYpiGkNNqNebkMRVaVw2eMArC",7,1,0,0,4,12,3.58333333333333
"6",2024-11-26 17:31:14.684384,"Penn Medicine","u2rgD7qX0yGKX0FuXg8xzx2P2UTF0v",715,68,25,25,25,858,4.65850815850816
"7",2024-11-26 17:31:14.684384,"Cedars-Sinai","FA6NVz9hnv3ozbvdi3ehflHBnPbZ9x",1564,200,100,60,170,2094,4.39828080229226
"8",2024-11-26 17:31:14.684384,"Houston Methodist","lGYv0UpC9CTzwvWbpVTIJlh9ghjLpD",730,160,40,40,120,1090,4.22935779816514
"9",2024-11-26 17:31:14.684384,"NYU Langone Health","ZBGqkQr6d8bVq4SfOM8M0sF3XaEdOP",3857,339,39,59,209,4503,4.6824339329336
"10",2024-11-26 17:31:14.684384,"Stanford Health Care","aAQMtxajSNA58pwS2cvEs66CnF7JJb",1750,181,60,60,181,2232,4.46012544802867
"11",2024-11-26 17:31:14.684384,"Northwestern Medicine","4n2fBsb97nJq8g73DvzXhHBH4q80HZ",1086,138,128,138,443,1933,3.6652871184687
"12",2024-11-26 17:31:14.684384,"New York - Presbyterian","lorfBYtbGAwswb4SMYtJgeq9qEFYNy",382,64,28,11,99,584,4.05993150684932
"13",2024-11-26 17:31:14.684384,"Rush University Medical Center","OQaexjIyJd2RMIFewtXXTd5QW665oP",1911,208,108,49,158,2434,4.50575184880855
"14",2024-11-26 17:31:14.684384,"University of Michigan Health","0a6nXxwZvUeYkjBgP67PNjtsyzne6z",791,81,9,18,9,908,4.79185022026432
"15",2024-11-26 17:31:14.684384,"Mass General Brigham, Inc","BpMaAwHM3ANkxRnEQy6slQUFeO2N8f",1358,200,70,70,150,1848,4.37770562770563
"16",2024-11-26 17:31:14.684384,"Vanderbilt University Medical Center","fMnoHEduOeUiF29FajaNbiWPFV8EE7",1550,158,49,19,59,1835,4.7008174386921
"17",2024-11-26 17:31:14.684384,"Kaiser Permanente","nuCt6xydmlkoEBc28oRzqR2DOKDtAj",75633,8925,2603,1007,2856,91024,4.68606081912463
"18",2024-11-26 17:31:14.684384,"Primary Care On Demand Wis.","MRNlNpdabbGxgR6pRnK8S9ZRSDV1aK",79,9,4,2,5,99,4.56565656565657
